[{"id":20,"title":"Welcome to Demon School! Iruma-kun 3rd Season, V\u00e0o Ma Gi\u1edbi r\u1ed3i \u0111\u1ea5y! Iruma-kun Ph\u1ea7n 3","description":"M\u00f9a th\u1ee9 3 C\u1ee7a Series anime Mairimashita! Iruma-kun","status":1,"image":"36201060.jpg","category_id":8,"genre_id":5,"slug":"welcome-to-demon-school-iruma-kun-3rd-season-vao-ma-gioi-roi-day-iruma-kun-phan-3","resolution":0,"phuDe":0,"ngayTao":"2023-02-10 19:31:39","ngayCapNhat":"2023-02-10 19:31:39","thoiLuong":"30 ph\u00fat","tags":null,"topViews":null,"season":"3","trailer":null,"sotap":1,"category":{"id":8,"title":"movie","description":"phim l\u1ebb \u0111\u01b0\u1ee3c c\u1eadp nh\u1eadt th\u01b0\u1eddng xuy\u00ean","status":1,"slug":"movie"},"movie_genre":[{"id":1,"title":"H\u00e0nh \u0110\u1ed9ng","description":"C\u00e1c b\u1ed9 phim v\u1edbi c\u00e1c c\u1ea3nh h\u00e0nh \u0111\u1ed9ng \u0111\u1eb9p m\u1eaft v\u00e0 c\u00e1c c\u1ea3nh quay m\u00e3n nh\u00e3n","status":1,"slug":"hanh-dong","pivot":{"movie_id":20,"genre_id":1}},{"id":5,"title":"h\u00e0i h\u01b0\u1edbc","description":"nh\u1eefng b\u1ed9 phim c\u01b0\u1eddi \u0111au c\u1ea3 ru\u1ed9t","status":1,"slug":"hai-huoc","pivot":{"movie_id":20,"genre_id":5}}]},{"id":18,"title":"T\u00e2n Tam Qu\u1ed1c Di\u1ec5n Ngh\u0129a (Three Kingdoms)","description":"Three Kingdoms (T\u00e2n Tam Qu\u1ed1c Di\u1ec5n Ngh\u0129a) l\u00e0 t\u00e1c ph\u1ea9m truy\u1ec1n h\u00ecnh th\u1ee9 hai \u0111\u01b0\u1ee3c chuy\u1ec3n th\u1ec3 t\u1eeb ti\u1ec3u thuy\u1ebft \u2018Tam qu\u1ed1c di\u1ec5n ngh\u0129a\u2019 v\u00e0 quy\u1ec3n \u2018S\u1eed k\u00fd Tam Qu\u1ed1c\u2019, k\u1ec3 v\u1ec1 nh\u1eefng n\u0103m th\u00e1ng lo\u1ea1n l\u1ea1c khi nh\u00e0 \u0110\u00f4ng H\u00e1n s\u1ee5p \u0111\u1ed5 th\u00ec \u0110\u1ed5ng Tr\u00e1c v\u00f9ng l\u00ean th\u00e2u t\u00f3m quy\u1ec1n h\u00e0nh khi\u1ebfn qu\u1ea7n h\u00f9ng c\u00e1t c\u1ee9 ph\u00e2n chia Trung Qu\u1ed1c th\u00e0nh ba n\u01b0\u1edbc Ng\u1ee5y - Th\u1ee5c - Ng\u00f4 cho \u0111\u1ebfn khi nh\u00e0 T\u1ea5n th\u1ed1ng nh\u1ea5t l\u1ea1i th\u00e0nh m\u1ed9t. Phim xoay quanh qu\u00e1 tr\u00ecnh h\u00ecnh th\u00e0nh v\u00e0 ph\u00e1t tri\u1ec3n theo th\u1ebf ch\u00e2n v\u1ea1c gi\u1eefa ba n\u01b0\u1edbc v\u1edbi c\u00e1c nh\u00e2n v\u1eadt ch\u1ee7 \u0111\u1ea1o nh\u01b0 Gia C\u00e1t L\u01b0\u1ee3ng, T\u00e0o Th\u00e1o, L\u01b0u B\u1ecb, T\u00f4n Quy\u1ec1n, Chu Du, T\u01b0 M\u00e3 \u00dd\u2026 \u0111an xen v\u1ec1 nh\u1eefng m\u00e2u thu\u1eabn trong vi\u1ec7c tranh gi\u00e0nh ng\u00f4i th\u1ee9 trong gia \u0111\u00ecnh h\u1ecd T\u00e0o; nh\u1eefng r\u1eafc r\u1ed1i t\u00ednh \u00e1i gi\u1eefa T\u00e0o Phi, T\u00e0o Th\u1ef1c v\u00e0 n\u00e0ng Ch\u00e2n Phi v\u1edbi nh\u1eefng b\u1ea5t \u0111\u1ed3ng chi\u1ebfn l\u01b0\u1ee3c, nh\u1eefng cu\u1ed9c chi\u1ebfn t\u00e0i tr\u00ed gi\u1eefa Gia C\u00e1t L\u01b0\u1ee3ng v\u00e0 L\u01b0u B\u1ecb, gi\u1eefa Chu Du v\u00e0 T\u00f4n Quy\u1ec1n.","status":1,"image":"tan-tam-quoc-dien-nghia-thumb587.jpg","category_id":9,"genre_id":7,"slug":"tan-tam-quoc-dien-nghia-three-kingdoms","resolution":0,"phuDe":0,"ngayTao":null,"ngayCapNhat":"2023-02-10 20:04:49","thoiLuong":"30 ph\u00fat","tags":"xem phim T\u00e2n Tam Qu\u1ed1c Di\u1ec5n Ngh\u0129a vietsub, phim Three Kingdoms vietsub, xem T\u00e2n Tam Qu\u1ed1c Di\u1ec5n Ngh\u0129a vietsub online tap 1, tap 2, tap 3, tap 4, phim Three Kingdoms ep 5, ep 6, ep 7, ep 8, ep 9, ep 10, xem T\u00e2n Tam Qu\u1ed1c Di\u1ec5n Ngh\u0129a t\u1eadp 11, t\u1eadp 12, t\u1eadp 13, t\u1eadp 14, t\u1eadp 15, phim T\u00e2n Tam Qu\u1ed1c Di\u1ec5n Ngh\u0129a tap 16, tap 17, tap 18, tap 19, tap 20, xem phim T\u00e2n Tam Qu\u1ed1c Di\u1ec5n Ngh\u0129a t\u1eadp 21, 23, 24, 25, 26, 27, 28, 29, 30, 31, 32, 33, 34, 35, 36, 37, 38, 39, 40, 41, 42, 43, 44, 45, 46, 47, 48, 49, 50, T\u00e2n Tam Qu\u1ed1c Di\u1ec5n Ngh\u0129a tap cuoi, Three Kingdoms vietsub tron bo, review T\u00e2n Tam Qu\u1ed1c Di\u1ec5n Ngh\u0129a netflix, T\u00e2n Tam Qu\u1ed1c Di\u1ec5n Ngh\u0129a wetv, T\u00e2n Tam Qu\u1ed1c Di\u1ec5n Ngh\u0129a phimmoi, T\u00e2n Tam Qu\u1ed1c Di\u1ec5n Ngh\u0129a youtube, T\u00e2n Tam Qu\u1ed1c Di\u1ec5n Ngh\u0129a dongphym, T\u00e2n Tam Qu\u1ed1c Di\u1ec5n Ngh\u0129a vieon, phim keeng, bilutv, biphim, hdvip, hayghe, motphim, tvhay, zingtv, fptplay, phim1080, luotphim, fimfast, dongphim, fullphim, phephim, vtvgiaitri T\u00e2n Tam Qu\u1ed1c Di\u1ec5n Ngh\u0129a full, Three Kingdoms online, T\u00e2n Tam Qu\u1ed1c Di\u1ec5n Ngh\u0129a Thuy\u1ebft Minh, T\u00e2n Tam Qu\u1ed1c Di\u1ec5n Ngh\u0129a Vietsub, T\u00e2n Tam Qu\u1ed1c Di\u1ec5n Ngh\u0129a L\u1ed3ng Ti\u1ebfng","topViews":3,"season":null,"trailer":"PyREpw6_1Uc","sotap":1,"category":{"id":9,"title":"phim b\u1ed9","description":"v\u1edbi c\u00e1c b\u1ed9 phim \u0111\u1ee7 m\u1ecdi th\u1ec3 lo\u1ea1i \u0111\u01b0\u1ee3c c\u1eadp nh\u1eadt m\u1ed7i ng\u00e0y","status":1,"slug":"phim-bo"},"movie_genre":[{"id":7,"title":"c\u1ed5 trang","description":"nh\u1eefng b\u1ed9 phim ch\u01b0\u1edfng ho\u1eb7c qu\u00e2n \u0111\u1ed9i","status":1,"slug":"co-trang","pivot":{"movie_id":18,"genre_id":7}}]},{"id":17,"title":"Tam Qu\u1ed1c Di\u1ec5n Ngh\u0129a (Three Kingdom)","description":"Tam Qu\u1ed1c Di\u1ec5n Ngh\u0129a - Three Kingdom chuy\u1ec3n th\u1ec3 t\u1eeb ti\u1ec3u thuy\u1ebft c\u00f9ng t\u00ean c\u1ee7a nh\u00e0 v\u0103n La Qu\u00e1n Trung - t\u00e1c ph\u1ea9m kinh \u0111i\u1ec3n \u0111\u01b0\u1ee3c coi l\u00e0 m\u1ed9t trong T\u1ee9 \u0111\u1ea1i danh t\u00e1c c\u1ee7a Trung Qu\u1ed1c. L\u1ea5y b\u1ed1i c\u1ea3nh l\u1ecbch s\u1eed th\u1eddi Tam Qu\u1ed1c, phim xoay quanh s\u1ed1 ph\u1eadn c\u1ee7a nh\u1eefng nh\u00e2n v\u1eadt l\u1ecbch s\u1eed n\u1ed5i ti\u1ebfng nh\u01b0 T\u00e0o Th\u00e1o, L\u01b0u B\u1ecb, Gia C\u00e1t L\u01b0\u1ee3ng c\u00f9ng c\u00e1c tr\u1eadn \u0111\u00e1nh kh\u1ed1c li\u1ec7t c\u00f3 quy m\u00f4 l\u1edbn nh\u01b0 Tr\u1eadn X\u00edch B\u00edch, Tr\u1eadn H\u00e0o \u0110\u00ecnh.","status":1,"image":"tam-quoc-dien-nghia-thumb8204.jpg","category_id":9,"genre_id":7,"slug":"tam-quoc-dien-nghia-three-kingdom","resolution":0,"phuDe":0,"ngayTao":null,"ngayCapNhat":"2023-02-10 20:05:19","thoiLuong":"30 ph\u00fat","tags":null,"topViews":3,"season":null,"trailer":null,"sotap":1,"category":{"id":9,"title":"phim b\u1ed9","description":"v\u1edbi c\u00e1c b\u1ed9 phim \u0111\u1ee7 m\u1ecdi th\u1ec3 lo\u1ea1i \u0111\u01b0\u1ee3c c\u1eadp nh\u1eadt m\u1ed7i ng\u00e0y","status":1,"slug":"phim-bo"},"movie_genre":[{"id":7,"title":"c\u1ed5 trang","description":"nh\u1eefng b\u1ed9 phim ch\u01b0\u1edfng ho\u1eb7c qu\u00e2n \u0111\u1ed9i","status":1,"slug":"co-trang","pivot":{"movie_id":17,"genre_id":7}}]},{"id":16,"title":"Y\u00eau qu\u00e1i to\u00e0n th\u01b0 (Ghost Book)","description":"\u0110\u01b0\u1ee3c m\u1ed9t sinh v\u1eadt nh\u1ecf b\u00ed \u1ea9n t\u00ean l\u00e0 S\u00e1ch Nhi ch\u1ec9 d\u1eabn, ba c\u1eadu b\u00e9 t\u00ecm ki\u1ebfm m\u1ed9t cu\u1ed1n s\u00e1ch c\u1ea5m c\u00f3 th\u1ec3 ban cho h\u1ecd b\u1ea5t c\u1ee9 \u0111i\u1ec1u \u01b0\u1edbc n\u00e0o... sau khi h\u1ecd tho\u00e1t \u0111\u01b0\u1ee3c \u0111\u00e1m qu\u00e1i v\u1eadt!","status":1,"image":"yeu-quai-toan-thu-thumb7113.jpg","category_id":8,"genre_id":9,"slug":"yeu-quai-toan-thu-ghost-book","resolution":0,"phuDe":0,"ngayTao":null,"ngayCapNhat":"2023-02-12 12:28:12","thoiLuong":null,"tags":null,"topViews":2,"season":null,"trailer":null,"sotap":1,"category":{"id":8,"title":"movie","description":"phim l\u1ebb \u0111\u01b0\u1ee3c c\u1eadp nh\u1eadt th\u01b0\u1eddng xuy\u00ean","status":1,"slug":"movie"},"movie_genre":[{"id":1,"title":"H\u00e0nh \u0110\u1ed9ng","description":"C\u00e1c b\u1ed9 phim v\u1edbi c\u00e1c c\u1ea3nh h\u00e0nh \u0111\u1ed9ng \u0111\u1eb9p m\u1eaft v\u00e0 c\u00e1c c\u1ea3nh quay m\u00e3n nh\u00e3n","status":1,"slug":"hanh-dong","pivot":{"movie_id":16,"genre_id":1}},{"id":3,"title":"T\u00e2m l\u00fd","description":"c\u00e1c b\u1ed9 phim v\u1ec1 t\u00e2m l\u00fd h\u1ecdc x\u00e3 h\u1ed9i","status":1,"slug":"tam-ly","pivot":{"movie_id":16,"genre_id":3}},{"id":4,"title":"Kinh d\u1ecb","description":"c\u00e1c b\u1ed9 phim mang t\u00ednh ch\u1ea5t kinh d\u1ecb khi\u1ebfn ng\u01b0\u1eddi xem s\u1edfn gay \u1ed1c","status":1,"slug":"kinh-di","pivot":{"movie_id":16,"genre_id":4}},{"id":5,"title":"h\u00e0i h\u01b0\u1edbc","description":"nh\u1eefng b\u1ed9 phim c\u01b0\u1eddi \u0111au c\u1ea3 ru\u1ed9t","status":1,"slug":"hai-huoc","pivot":{"movie_id":16,"genre_id":5}},{"id":9,"title":"si\u00eau nhi\u00ean","description":"li\u00ean quan \u0111\u1ebfn si\u00eau n\u0103ng l\u1ef1c","status":1,"slug":"sieu-nhien","pivot":{"movie_id":16,"genre_id":9}}]},{"id":15,"title":"Ooyukiumi no Kaina","description":"C\u00e2u chuy\u1ec7n l\u1ea5y b\u1ed1i c\u1ea3nh \u1edf m\u1ed9t th\u1ebf gi\u1edbi n\u01a1i \u0111\u1ea5t li\u1ec1n \u0111ang b\u1ecb nu\u1ed1t ch\u1eedng b\u1edfi Bi\u1ec3n Tuy\u1ebft V\u0129 \u0110\u1ea1i. Nh\u00e2n lo\u1ea1i \u0111ang tr\u1ea3i qua m\u1ed9t cu\u1ed9c s\u1ed1ng kh\u1eafc nghi\u1ec7t b\u00ean tr\u00ean Tenmaku (m\u1ed9t c\u00e1ch ch\u01a1i ch\u1eef trong t\u1eeb ti\u1ebfng Nh\u1eadt c\u00f3 ngh\u0129a l\u00e0 l\u1ec1u), tr\u1ea3i d\u00e0i t\u1eeb g\u1ed1c \u0111\u1ebfn ng\u1ecdn c\u1ee7a nh\u1eefng C\u00e2y Qu\u1ef9 \u0110\u1ea1o kh\u1ed5ng L\u1ed3. N\u1ed9i dung xoay quanh Kaina, m\u1ed9t c\u1eadu b\u00e9 s\u1ed1ng tr\u00ean Tenmaku, v\u00e0 Liliha, c\u00f4ng ch\u00faa c\u1ee7a \u0111\u1ea5t n\u01b0\u1edbc Atland trong Bi\u1ec3n Tuy\u1ebft V\u0129 \u0110\u1ea1i.","status":1,"image":"37037324.jpg","category_id":8,"genre_id":9,"slug":"ooyukiumi-no-kaina","resolution":0,"phuDe":0,"ngayTao":null,"ngayCapNhat":"2023-02-12 12:27:54","thoiLuong":null,"tags":null,"topViews":2,"season":null,"trailer":null,"sotap":1,"category":{"id":8,"title":"movie","description":"phim l\u1ebb \u0111\u01b0\u1ee3c c\u1eadp nh\u1eadt th\u01b0\u1eddng xuy\u00ean","status":1,"slug":"movie"},"movie_genre":[{"id":1,"title":"H\u00e0nh \u0110\u1ed9ng","description":"C\u00e1c b\u1ed9 phim v\u1edbi c\u00e1c c\u1ea3nh h\u00e0nh \u0111\u1ed9ng \u0111\u1eb9p m\u1eaft v\u00e0 c\u00e1c c\u1ea3nh quay m\u00e3n nh\u00e3n","status":1,"slug":"hanh-dong","pivot":{"movie_id":15,"genre_id":1}},{"id":3,"title":"T\u00e2m l\u00fd","description":"c\u00e1c b\u1ed9 phim v\u1ec1 t\u00e2m l\u00fd h\u1ecdc x\u00e3 h\u1ed9i","status":1,"slug":"tam-ly","pivot":{"movie_id":15,"genre_id":3}},{"id":6,"title":"phi\u00eau l\u01b0u","description":"nh\u1eefng b\u1ed9 film c\u00f9ng nh\u1eefng chi\u1ebfn phi\u00eau l\u01b0u gian nan v\u00e0 nguy hi\u1ec3m","status":1,"slug":"phieu-luu","pivot":{"movie_id":15,"genre_id":6}},{"id":8,"title":"l\u00e3ng m\u1ea1ng","description":"c\u00e1c b\u1ed9 phim v\u1ec1 t\u00ecnh c\u1ea3m","status":1,"slug":"lang-mang","pivot":{"movie_id":15,"genre_id":8}},{"id":9,"title":"si\u00eau nhi\u00ean","description":"li\u00ean quan \u0111\u1ebfn si\u00eau n\u0103ng l\u1ef1c","status":1,"slug":"sieu-nhien","pivot":{"movie_id":15,"genre_id":9}}]},{"id":14,"title":"Tondemo Skill De Isekai Hourou Meshi","description":"C\u00f9ng v\u1edbi ba anh h\u00f9ng kh\u00e1c, Mukouda Tsuyoshi, 27 tu\u1ed5i, \u0111\u01b0\u1ee3c \u0111\u01b0a v\u00e0o m\u1ed9t th\u1ebf gi\u1edbi gi\u1ea3 t\u01b0\u1edfng \u0111\u1ec3 gi\u1ea3i c\u1ee9u m\u1ed9t v\u01b0\u01a1ng qu\u1ed1c kh\u1ecfi m\u1ed9t m\u1ed1i \u0111e d\u1ecda b\u00ed \u1ea9n. Tuy nhi\u00ean, r\u00f5 r\u00e0ng l\u00e0 Tsuyoshi \u0111\u00e3 v\u00f4 t\u00ecnh b\u1ecb k\u00e9o v\u00e0o nghi l\u1ec5 tri\u1ec7u h\u1ed3i. K\u1ef9 n\u0103ng duy nh\u1ea5t c\u1ee7a anh \u1ea5y h\u00f3a ra l\u00e0 Menu th\u1ef1c ph\u1ea9m, cho ph\u00e9p anh \u1ea5y m\u1edf m\u1ed9t giao di\u1ec7n n\u01a1i anh \u1ea5y c\u00f3 th\u1ec3 mua v\u00e0 l\u1ea5y c\u00e1c m\u1eb7t h\u00e0ng si\u00eau th\u1ecb li\u00ean quan \u0111\u1ebfn th\u1ef1c ph\u1ea9m t\u1eeb Nh\u1eadt B\u1ea3n hi\u1ec7n \u0111\u1ea1i. \u0110\u1ed9t nhi\u00ean b\u1ecb \u0111u\u1ed5i ra kh\u1ecfi cung \u0111i\u1ec7n, Tsuyoshi t\u1ef1 m\u00ecnh b\u01b0\u1edbc v\u00e0o th\u1ebf gi\u1edbi m\u1edbi c\u1ee7a m\u00ecnh. Tuy nhi\u00ean, kh\u1ea3 n\u0103ng t\u1ea1o ra nh\u1eefng m\u00f3n \u0103n ngon m\u00e0 th\u1ebf gi\u1edbi n\u00e0y ch\u01b0a bi\u1ebft \u0111\u1ebfn c\u1ee7a anh \u1ea5y s\u1edbm \u0111\u01b0\u1ee3c \u0111\u1ec1n \u0111\u00e1p, th\u1eadm ch\u00ed c\u00f2n thu h\u00fat c\u1ea3 con s\u00f3i huy\u1ec1n tho\u1ea1i Fenrir. Fenrir b\u1ecb thu h\u00fat b\u1edfi th\u1ee9c \u0103n \u0111\u1ebfn n\u1ed7i sinh v\u1eadt n\u00e0y ngay l\u1eadp t\u1ee9c l\u1eadp giao \u01b0\u1edbc v\u1edbi Tsuyoshi, tr\u1edf th\u00e0nh v\u1eadt quen thu\u1ed9c c\u1ee7a anh ta. Theo sau sinh v\u1eadt th\u1ea7n tho\u1ea1i hay thay \u0111\u1ed5i n\u00e0y, Tsuyoshi \u0111\u1ea3m nh\u1eadn c\u00f4ng vi\u1ec7c l\u00e0 m\u1ed9t th\u01b0\u01a1ng gia v\u00e0 nh\u00e0 th\u00e1m hi\u1ec3m, \u0111i du l\u1ecbch v\u00e0 n\u1ea5u nh\u1eefng m\u00f3n \u0103n ngon mi\u1ec7ng kh\u00f4ng bao gi\u1edd khi\u1ebfn c\u01b0 d\u00e2n tr\u00ean th\u1ebf gi\u1edbi n\u00e0y kinh ng\u1ea1c. [Vi\u1ebft b\u1edfi MAL Rewrite]","status":1,"image":"36973900.jpg","category_id":10,"genre_id":1,"slug":"tondemo-skill-de-isekai-hourou-meshi","resolution":0,"phuDe":0,"ngayTao":null,"ngayCapNhat":"2023-02-12 12:27:37","thoiLuong":null,"tags":null,"topViews":null,"season":"1","trailer":null,"sotap":1,"category":{"id":10,"title":"anime","description":"\u0111i v\u00e0o th\u1ebf gi\u1edbi wibu \u0111\u1ea7y m\u00e0u s\u1eafc","status":1,"slug":"anime"},"movie_genre":[{"id":5,"title":"h\u00e0i h\u01b0\u1edbc","description":"nh\u1eefng b\u1ed9 phim c\u01b0\u1eddi \u0111au c\u1ea3 ru\u1ed9t","status":1,"slug":"hai-huoc","pivot":{"movie_id":14,"genre_id":5}},{"id":6,"title":"phi\u00eau l\u01b0u","description":"nh\u1eefng b\u1ed9 film c\u00f9ng nh\u1eefng chi\u1ebfn phi\u00eau l\u01b0u gian nan v\u00e0 nguy hi\u1ec3m","status":1,"slug":"phieu-luu","pivot":{"movie_id":14,"genre_id":6}},{"id":9,"title":"si\u00eau nhi\u00ean","description":"li\u00ean quan \u0111\u1ebfn si\u00eau n\u0103ng l\u1ef1c","status":1,"slug":"sieu-nhien","pivot":{"movie_id":14,"genre_id":9}},{"id":10,"title":"\u1ea9m th\u1ef1c","description":"nh\u1eefng m\u00f3n \u0103n l\u00e0m b\u1ee5ng ta c\u1ed3n c\u00e0o","status":1,"slug":"am-thuc","pivot":{"movie_id":14,"genre_id":10}}]},{"id":13,"title":"Fumetsu no Anata e 2nd Season","description":"Ph\u1ea7n ti\u1ebfp theo c\u1ee7a t\u1ef1a phim Fumetsu no Anata e","status":1,"image":"36384714.jpg","category_id":10,"genre_id":9,"slug":"fumetsu-no-anata-e-2nd-season","resolution":0,"phuDe":0,"ngayTao":null,"ngayCapNhat":"2023-02-12 12:27:21","thoiLuong":null,"tags":null,"topViews":0,"season":"1","trailer":null,"sotap":1,"category":{"id":10,"title":"anime","description":"\u0111i v\u00e0o th\u1ebf gi\u1edbi wibu \u0111\u1ea7y m\u00e0u s\u1eafc","status":1,"slug":"anime"},"movie_genre":[{"id":1,"title":"H\u00e0nh \u0110\u1ed9ng","description":"C\u00e1c b\u1ed9 phim v\u1edbi c\u00e1c c\u1ea3nh h\u00e0nh \u0111\u1ed9ng \u0111\u1eb9p m\u1eaft v\u00e0 c\u00e1c c\u1ea3nh quay m\u00e3n nh\u00e3n","status":1,"slug":"hanh-dong","pivot":{"movie_id":13,"genre_id":1}},{"id":5,"title":"h\u00e0i h\u01b0\u1edbc","description":"nh\u1eefng b\u1ed9 phim c\u01b0\u1eddi \u0111au c\u1ea3 ru\u1ed9t","status":1,"slug":"hai-huoc","pivot":{"movie_id":13,"genre_id":5}},{"id":6,"title":"phi\u00eau l\u01b0u","description":"nh\u1eefng b\u1ed9 film c\u00f9ng nh\u1eefng chi\u1ebfn phi\u00eau l\u01b0u gian nan v\u00e0 nguy hi\u1ec3m","status":1,"slug":"phieu-luu","pivot":{"movie_id":13,"genre_id":6}},{"id":9,"title":"si\u00eau nhi\u00ean","description":"li\u00ean quan \u0111\u1ebfn si\u00eau n\u0103ng l\u1ef1c","status":1,"slug":"sieu-nhien","pivot":{"movie_id":13,"genre_id":9}}]},{"id":12,"title":"Tensei shitara Ken Deshita","description":"Khi nh\u1eadn ra th\u00ec\u2026 t\u00f4i \u0111ang \u1edf 1 th\u1ebf gi\u1edbi kh\u00e1c. T\u00f4i \u0111\u00e3 tr\u1edf th\u00e0nh 1 thanh ki\u1ebfm, wtf? Chuy\u1ec7n \u00e9o g\u00ec th\u1ebf n\u00e0y? Ch\u1ed7 t\u00f4i t\u1ec9nh d\u1eady sao l\u1ea1i to\u00e0n qu\u00e1i v\u1eadt th\u1ebf n\u00e0y\u2026 T\u00f4i li\u1ec1n bay \u0111i ki\u1ebfm ngay 1 c\u1ed9ng s\u1ef1 cho m\u00ecnh (Ch\u1ec9 g\u00e1i thui nh\u00e1). 1 vi\u00ean ma ph\u00e1p th\u1ea1ch? T\u00f4i c\u00f3 \u0111\u01b0\u1ee3c nh\u1eefng k\u0129 n\u0103ng m\u00e0 m\u00ecnh h\u1ea5p th\u1ee5? Vui vkl hahaha, mau \u0111\u01b0a ta vi\u00ean ma ph\u00e1p th\u1ea1ch! \u00c0 \u0111\u00f9a \u0111\u1ea5y, nh\u01b0ng ta v\u1eabn s\u1ebd l\u1ea5y n\u00f3\u2026 \u0110\u00e2y l\u00e0 c\u00e1ch m\u00e0 t\u00f4i \u0111\u00e3 chuy\u1ec3n sinh th\u00e0nh 1 thanh ki\u1ebfm \u1edf th\u1ebf gi\u1edbi kh\u00e1c \u0111\u00f3, c\u00e2u chuy\u1ec7n c\u1ee7a 1 t\u00ean Otaku","status":1,"image":"35827070.jpg","category_id":10,"genre_id":6,"slug":"tensei-shitara-ken-deshita","resolution":0,"phuDe":0,"ngayTao":null,"ngayCapNhat":"2023-02-10 20:12:57","thoiLuong":"30","tags":null,"topViews":2,"season":"1","trailer":null,"sotap":1,"category":{"id":10,"title":"anime","description":"\u0111i v\u00e0o th\u1ebf gi\u1edbi wibu \u0111\u1ea7y m\u00e0u s\u1eafc","status":1,"slug":"anime"},"movie_genre":[{"id":1,"title":"H\u00e0nh \u0110\u1ed9ng","description":"C\u00e1c b\u1ed9 phim v\u1edbi c\u00e1c c\u1ea3nh h\u00e0nh \u0111\u1ed9ng \u0111\u1eb9p m\u1eaft v\u00e0 c\u00e1c c\u1ea3nh quay m\u00e3n nh\u00e3n","status":1,"slug":"hanh-dong","pivot":{"movie_id":12,"genre_id":1}},{"id":6,"title":"phi\u00eau l\u01b0u","description":"nh\u1eefng b\u1ed9 film c\u00f9ng nh\u1eefng chi\u1ebfn phi\u00eau l\u01b0u gian nan v\u00e0 nguy hi\u1ec3m","status":1,"slug":"phieu-luu","pivot":{"movie_id":12,"genre_id":6}}]},{"id":11,"title":"One Piece Film: Red","description":"B\u1ed1i c\u1ea3nh One Piece Film Red di\u1ec5n ra \u1edf h\u00f2n \u0111\u1ea3o \u00e2m nh\u1ea1c Elegia, n\u01a1i diva n\u1ed5i ti\u1ebfng b\u1eadc nh\u1ea5t th\u1ebf gi\u1edbi t\u00ean Uta th\u1ef1c hi\u1ec7n bu\u1ed5i bi\u1ec3u di\u1ec5n tr\u1ef1c ti\u1ebfp \u0111\u1ea7u ti\u00ean tr\u01b0\u1edbc c\u00f4ng ch\u00fang. Uta \u0111\u1ee9ng tr\u00ean s\u00e2n kh\u1ea5u v\u1edbi m\u1ed9t \u01b0\u1edbc m\u01a1 gi\u1ea3n d\u1ecb r\u1eb1ng \u201d \u00c2m nh\u1ea1c c\u1ee7a t\u00f4i s\u1ebd khi\u1ebfn cho th\u1ebf gi\u1edbi h\u1ea1nh ph\u00fac\u201d. \u0110\u1eb1ng sau h\u00ecnh \u1ea3nh c\u00f4 ca s\u0129 s\u1edf h\u1eefu gi\u1ecdng h\u00e1t \u0111\u01b0\u1ee3c \u0111\u00e1nh gi\u00e1 l\u00e0 \u1edf \u201c\u0110\u1eb3ng c\u1ea5p ho\u00e0n to\u00e0n kh\u00e1c\u201d l\u00e0 m\u1ed9t th\u00e2n th\u1ebf v\u00f4 c\u00f9ng b\u00ed \u1ea9n \u0111\u01b0\u1ee3c che gi\u1ea5u. B\u0103ng h\u1ea3i t\u1eb7c M\u0169 R\u01a1m v\u00e0 c\u00e1c fan kh\u00e1c c\u1ee7a Uta t\u1eeb nhi\u1ec1u th\u1ebf l\u1ef1c kh\u00e1c nhau nh\u01b0 h\u1ea3i t\u1eb7c l\u1eabn h\u1ea3i qu\u00e2n \u0111\u1ec1u \u0111\u00e3 c\u00f9ng t\u1ec1 t\u1ef1u v\u1ec1 bu\u1ed5i bi\u1ec3u di\u1ec5n n\u00e0y. Bi\u1ebfn c\u1ed1 b\u1eaft \u0111\u1ea7u ngay khi s\u1ef1 th\u1eadt kinh ho\u00e0ng \u0111\u01b0\u1ee3c ti\u1ebft l\u1ed9 r\u1eb1ng Uta ch\u00ednh l\u00e0 \u201ccon g\u00e1i c\u1ee7a Shanks\u201d. Luffy v\u00e0 Uta l\u1ea7n \u0111\u1ea7u ti\u00ean h\u1ed9i ng\u1ed9 sau l\u1ea7n g\u1eb7p g\u1ee1 v\u00e0o 12 n\u0103m tr\u01b0\u1edbc t\u1ea1i L\u00e0ng Foosha.","status":1,"image":"36583688.jpg","category_id":8,"genre_id":9,"slug":"one-piece-film-red","resolution":0,"phuDe":0,"ngayTao":null,"ngayCapNhat":"2023-02-12 12:28:42","thoiLuong":"120 ph\u00fat","tags":null,"topViews":1,"season":null,"trailer":"L-aFL-bX1ao","sotap":1,"category":{"id":8,"title":"movie","description":"phim l\u1ebb \u0111\u01b0\u1ee3c c\u1eadp nh\u1eadt th\u01b0\u1eddng xuy\u00ean","status":1,"slug":"movie"},"movie_genre":[{"id":1,"title":"H\u00e0nh \u0110\u1ed9ng","description":"C\u00e1c b\u1ed9 phim v\u1edbi c\u00e1c c\u1ea3nh h\u00e0nh \u0111\u1ed9ng \u0111\u1eb9p m\u1eaft v\u00e0 c\u00e1c c\u1ea3nh quay m\u00e3n nh\u00e3n","status":1,"slug":"hanh-dong","pivot":{"movie_id":11,"genre_id":1}},{"id":9,"title":"si\u00eau nhi\u00ean","description":"li\u00ean quan \u0111\u1ebfn si\u00eau n\u0103ng l\u1ef1c","status":1,"slug":"sieu-nhien","pivot":{"movie_id":11,"genre_id":9}}]},{"id":9,"title":"JUJUTSU KAISEN","description":"Yuji Itadori is an athletic genius in high school. One day, to save a senior from \u201cthe cursed\u201d, he swallows and then absorbs the cursed \u201cRyomen Sukura\u2019s Finger(s)\u201d. Later, he goes to an institute for sorcerers, as his grandpa\u2019s last word, to help others. Itadori will keep fighting with the curse.","status":1,"image":"MV5BNGY4MTg3NzgtMmFkZi00NTg5LWExMmEtMWI3YzI1ODdmMWQ1XkEyXkFqcGdeQXVyMjQwMDg0Ng@@9578.jpg","category_id":10,"genre_id":6,"slug":"jujutsu-kaisen","resolution":0,"phuDe":0,"ngayTao":null,"ngayCapNhat":"2023-02-10 20:12:43","thoiLuong":"30","tags":null,"topViews":1,"season":"1","trailer":null,"sotap":1,"category":{"id":10,"title":"anime","description":"\u0111i v\u00e0o th\u1ebf gi\u1edbi wibu \u0111\u1ea7y m\u00e0u s\u1eafc","status":1,"slug":"anime"},"movie_genre":[{"id":1,"title":"H\u00e0nh \u0110\u1ed9ng","description":"C\u00e1c b\u1ed9 phim v\u1edbi c\u00e1c c\u1ea3nh h\u00e0nh \u0111\u1ed9ng \u0111\u1eb9p m\u1eaft v\u00e0 c\u00e1c c\u1ea3nh quay m\u00e3n nh\u00e3n","status":1,"slug":"hanh-dong","pivot":{"movie_id":9,"genre_id":1}},{"id":5,"title":"h\u00e0i h\u01b0\u1edbc","description":"nh\u1eefng b\u1ed9 phim c\u01b0\u1eddi \u0111au c\u1ea3 ru\u1ed9t","status":1,"slug":"hai-huoc","pivot":{"movie_id":9,"genre_id":5}},{"id":6,"title":"phi\u00eau l\u01b0u","description":"nh\u1eefng b\u1ed9 film c\u00f9ng nh\u1eefng chi\u1ebfn phi\u00eau l\u01b0u gian nan v\u00e0 nguy hi\u1ec3m","status":1,"slug":"phieu-luu","pivot":{"movie_id":9,"genre_id":6}}]},{"id":6,"title":"\u0110\u1ea0I CHI\u1ebeN NG\u01af\u1edcI V\u00c0 TH\u1ea6N","description":"Tr\u01b0\u1edbc khi x\u00f3a s\u1ed5 lo\u00e0i ng\u01b0\u1eddi kh\u1ecfi th\u1ebf gi\u1edbi, c\u00e1c v\u1ecb th\u1ea7n cho h\u1ecd c\u01a1 h\u1ed9i cu\u1ed1i c\u00f9ng \u0111\u1ec3 ch\u1ee9ng minh h\u1ecd \u0111\u00e1ng \u0111\u01b0\u1ee3c s\u1ed1ng. \u0110\u00e3 \u0111\u1ebfn l\u00fac \u0110\u1ea1i chi\u1ebfn ng\u01b0\u1eddi v\u00e0 th\u1ea7n b\u1eaft \u0111\u1ea7u!","status":1,"image":"dai-chien-nguoi-va-than-thumb9718.jpg","category_id":10,"genre_id":9,"slug":"dai-chien-nguoi-va-than","resolution":0,"phuDe":0,"ngayTao":null,"ngayCapNhat":"2023-02-12 20:42:26","thoiLuong":"24 ph\u00fat","tags":null,"topViews":1,"season":"1","trailer":null,"sotap":10,"category":{"id":10,"title":"anime","description":"\u0111i v\u00e0o th\u1ebf gi\u1edbi wibu \u0111\u1ea7y m\u00e0u s\u1eafc","status":1,"slug":"anime"},"movie_genre":[{"id":1,"title":"H\u00e0nh \u0110\u1ed9ng","description":"C\u00e1c b\u1ed9 phim v\u1edbi c\u00e1c c\u1ea3nh h\u00e0nh \u0111\u1ed9ng \u0111\u1eb9p m\u1eaft v\u00e0 c\u00e1c c\u1ea3nh quay m\u00e3n nh\u00e3n","status":1,"slug":"hanh-dong","pivot":{"movie_id":6,"genre_id":1}},{"id":5,"title":"h\u00e0i h\u01b0\u1edbc","description":"nh\u1eefng b\u1ed9 phim c\u01b0\u1eddi \u0111au c\u1ea3 ru\u1ed9t","status":1,"slug":"hai-huoc","pivot":{"movie_id":6,"genre_id":5}},{"id":9,"title":"si\u00eau nhi\u00ean","description":"li\u00ean quan \u0111\u1ebfn si\u00eau n\u0103ng l\u1ef1c","status":1,"slug":"sieu-nhien","pivot":{"movie_id":6,"genre_id":9}}]}]